<?xml version="1.0" encoding="UTF-8"?>
<ti:module xmlns:ti="http://ti.appcelerator.org" xmlns:android="http://schemas.android.com/apk/res/android">
	<!--
		Similar to tiapp.xml, but contains module/platform specific
		configuration in <iphone>, <android>, and <mobileweb> sections
	-->
	<android xmlns:android="http://schemas.android.com/apk/res/android">
		<manifest>
			<uses-sdk android:minSdkVersion="8" />
			<uses-permission android:name="android.permission.INTERNET" />
			<uses-permission android:name="android.permission.GET_ACCOUNTS" />
			<uses-permission android:name="android.permission.WAKE_LOCK" />
			<uses-permission android:name="com.google.android.c2dm.permission.RECEIVE" />

			<permission android:name="${tiapp.properties['id']}.permission.C2D_MESSAGE" android:protectionLevel="signature" />
			<uses-permission android:name="${tiapp.properties['id']}.permission.C2D_MESSAGE" />

			<application>
				<meta-data android:name="com.google.android.gms.version" android:value="@integer/google_play_services_version" />
				<receiver android:name="com.google.android.gms.gcm.GcmReceiver" android:permission="com.google.android.c2dm.permission.SEND">
					<intent-filter>
						<action android:name="com.google.android.c2dm.intent.RECEIVE" />
						<action android:name="com.google.android.c2dm.intent.REGISTRATION" />
						<category android:name="${tiapp.properties['id']}" />
					</intent-filter>
				</receiver>
				<service android:name="ct.timeko.gcm.ListenerService" android:exported="false">
					<intent-filter>
						<action android:name="com.google.android.c2dm.intent.RECEIVE" />
					</intent-filter>
				</service>
				<service android:name="ct.timeko.gcm.InstanceIDListener" android:exported="false">
					<intent-filter>
						<action android:name="com.google.android.gms.iid.InstanceID" />
					</intent-filter>
				</service>
        <service android:name="ct.timeko.gcm.RegistrationIntentService" android:exported="false">
        </service>
        <activity android:name="ct.timeko.gcm.NotificationActivity" />
        <receiver android:name="ct.timeko.gcm.NotificationPublisher" />
			</application>
		</manifest>
	</android>
</ti:module>